{
    "num_train_epochs": 4,
    "learning_rate": 0.00039405858581741864,
    "weight_decay": 0.09285787986096224,
    "lr_scheduler_type": "polynomial",
    "warmup_steps": 968,
    "seed": 97,
    "per_device_train_batch_size": 8,
    "sensitivity": 0.609375,
    "specificity": 0.8202247191011236,
    "roc_auc": 0.8081109550561797
}